FAIXA_IDH,CONTAGEM,PORCENTAGEM
-10000,98434,0.22426205903527718
40,182,4.1465037227401557E-4
50,6592,0.015018545351814893
60,32774,0.07466896319180541
70,240250,0.5473612743891881
80,60692,0.1382745076596404
